subfolder_name,evaluator,model,prompt,direction,caption_quality,image_quality,synergy,cultural_fit,intent_preservation,overall_score
pair_0003_0017383c-4a6d-4f1f-8aa4-8b19aa6c2283,Evaluator5,LLaVA+FLUX,Structured,CH→US,5.0,3.6,4.8,5.0,5.0,4.68
pair_0009_00647446-b5ef-4b2e-91d0-6d31d1ea7f42,Evaluator5,LLaVA+FLUX,Structured,CH→US,3.6,4.6,3.0,3.6,3.6,3.68
pair_0014_00e57822-99a3-4abb-93c8-686dbec2e9df,Evaluator5,LLaVA+FLUX,Structured,CH→US,4.6,4.2,4.4,4.6,4.8,4.52
pair_0027_01faedb7-88c7-40a8-a8d1-d51c472a8c12,Evaluator5,LLaVA+FLUX,Structured,CH→US,3.8,4.2,3.0,4.4,2.4,3.56
pair_0030_02347ea8-eb14-41fc-b00a-e0247bf4145d,Evaluator5,LLaVA+FLUX,Structured,CH→US,4.4,4.2,2.8,5.0,4.6,4.2
pair_0048_03864cf0-d081-4ce8-9eb1-f12c28eecfa2,Evaluator5,LLaVA+FLUX,Structured,CH→US,4.4,4.8,5.0,4.0,4.2,4.48
pair_0061_04424bfc-cb2c-432c-b81c-113013c1f063,Evaluator5,LLaVA+FLUX,Structured,CH→US,4.0,4.2,4.0,5.0,3.4,4.12
pair_0080_056a13af-6c2a-4f6b-b4dc-3efe1fe39963,Evaluator5,LLaVA+FLUX,Structured,CH→US,4.4,3.6,4.4,3.4,4.6,4.08
pair_0087_060162ee-584d-453b-95d3-e1e97f7658a2,Evaluator5,LLaVA+FLUX,Structured,CH→US,3.0,3.4,2.6,3.4,3.8,3.24
pair_0103_06ccc43b-2518-40d7-8e5d-d2b89bc1cbd4,Evaluator5,LLaVA+FLUX,Structured,CH→US,3.8,4.4,4.6,4.0,4.0,4.16
pair_0109_07168b73-b53d-4f12-826e-cd77e1e4a1d2,Evaluator5,LLaVA+FLUX,Structured,CH→US,5.0,3.8,5.0,4.0,4.8,4.52
pair_0123_07e32374-a2e1-476a-bc15-6a8aa308124a,Evaluator5,LLaVA+FLUX,Structured,CH→US,5.0,4.6,5.0,4.2,3.2,4.4
pair_0129_08267fac-fa0e-4d90-8e3c-083269a1cfbd,Evaluator5,LLaVA+FLUX,Structured,CH→US,2.8,4.4,4.2,4.8,4.0,4.04
pair_0131_0844008c-0d14-46bc-8c3c-a5c165972fa8,Evaluator5,LLaVA+FLUX,Structured,CH→US,5.0,4.2,4.6,3.6,4.0,4.28
pair_0132_085149de-5479-4a58-84d7-879b739437d5,Evaluator5,LLaVA+FLUX,Structured,CH→US,5.0,3.8,5.0,4.2,4.4,4.48
pair_0178_0b4f27a6-552a-4414-b365-b14dc8660482,Evaluator5,LLaVA+FLUX,Structured,CH→US,5.0,3.4,4.6,4.4,4.2,4.32
pair_0188_0c2bbccc-2cdd-4474-978f-7f2f7cb68f64,Evaluator5,LLaVA+FLUX,Structured,CH→US,4.8,4.4,4.8,4.0,3.6,4.32
pair_0193_0c6711ab-e095-485c-8e8a-b0a84fed39d0,Evaluator5,LLaVA+FLUX,Structured,CH→US,3.8,4.0,3.6,4.2,3.4,3.8
pair_0208_0d5ed71c-4de2-4586-9b58-7313a4cbe278,Evaluator5,LLaVA+FLUX,Structured,CH→US,5.0,4.0,5.0,3.2,2.8,4.0
pair_0222_0efef2ee-45f8-44e1-9d44-45b1d96eb101,Evaluator5,LLaVA+FLUX,Structured,CH→US,5.0,4.6,5.0,4.2,4.8,4.72
pair_0230_0faa9791-0152-4dfd-9952-107825fef129,Evaluator5,LLaVA+FLUX,Structured,CH→US,4.6,4.6,5.0,4.2,5.0,4.68
pair_0238_1052b42e-211d-4a4b-bbfc-70f060bffb76,Evaluator5,LLaVA+FLUX,Structured,CH→US,4.2,4.2,3.8,4.0,5.0,4.24
pair_0241_1085e169-c122-49f1-b387-8bb465914d71,Evaluator5,LLaVA+FLUX,Structured,CH→US,3.6,4.6,4.2,3.8,4.6,4.16
pair_0242_108e2a7c-7d54-4701-a5b5-30ac7070fa72,Evaluator5,LLaVA+FLUX,Structured,CH→US,2.0,3.4,3.0,3.0,3.0,2.88
pair_0249_10e8a52f-5d40-4c80-a435-5ab0138c1559,Evaluator5,LLaVA+FLUX,Structured,CH→US,3.6,4.8,4.2,5.0,4.4,4.4
pair_0261_11964ecb-db35-42b9-85ae-64733f461300,Evaluator5,LLaVA+FLUX,Structured,CH→US,3.0,3.6,3.6,4.6,3.6,3.68
pair_0263_119a1ea7-b749-42a0-b4c7-5923729344d1,Evaluator5,LLaVA+FLUX,Structured,CH→US,3.6,4.6,4.4,4.0,5.0,4.32
pair_0272_11e3a454-c801-4ace-a332-89f49f1fbd31,Evaluator5,LLaVA+FLUX,Structured,CH→US,4.4,5.0,5.0,4.0,4.4,4.56
pair_0277_1233f815-e424-4afa-885d-f494e15aa46c,Evaluator5,LLaVA+FLUX,Structured,CH→US,4.6,4.6,3.2,3.8,3.6,3.96
pair_0284_1262a305-41f0-4a94-bc6f-e3991005e4bd,Evaluator5,LLaVA+FLUX,Structured,CH→US,4.2,4.0,2.4,3.2,4.0,3.56
pair_0285_126ff1af-3b34-4758-8ce9-edf5c71837e9,Evaluator5,LLaVA+FLUX,Structured,CH→US,3.8,4.2,4.0,2.8,3.2,3.6
pair_0291_12cbf5aa-c5af-493d-a5ed-f46c37d1d07b,Evaluator5,LLaVA+FLUX,Structured,CH→US,4.8,4.4,3.8,5.0,3.8,4.36
pair_0293_12e20850-72e9-4fc4-bc89-c5ea7179af12,Evaluator5,LLaVA+FLUX,Structured,CH→US,3.6,5.0,5.0,4.6,5.0,4.64
pair_0309_144d9036-6f63-48c6-bac0-b2b4c0c72cc1,Evaluator5,LLaVA+FLUX,Structured,CH→US,4.6,3.8,2.8,4.0,4.2,3.88
pair_0323_14f06ccf-bdfb-48bd-b159-5be52b7158ee,Evaluator5,LLaVA+FLUX,Structured,CH→US,2.6,3.8,2.6,5.0,3.0,3.4
pair_0327_1532e1af-5914-49fe-8e0f-9fb9ba2b35fb,Evaluator5,LLaVA+FLUX,Structured,CH→US,4.2,4.4,4.4,3.8,3.0,3.96
pair_0352_16a70a2c-6599-4ad0-8a6b-ba74f5b04915,Evaluator5,LLaVA+FLUX,Structured,CH→US,4.6,3.6,3.0,3.2,4.4,3.76
pair_0358_16e76fb9-1455-4f90-a449-93791800fb58,Evaluator5,LLaVA+FLUX,Structured,CH→US,4.8,4.6,4.4,4.4,4.0,4.44
pair_0374_17d1442e-8c14-4c16-9c2a-6544bfc66e9b,Evaluator5,LLaVA+FLUX,Structured,CH→US,4.2,5.0,4.2,3.8,3.2,4.08
pair_0381_185412a4-1b40-46e4-9d4f-0bbff5a9ad00,Evaluator5,LLaVA+FLUX,Structured,CH→US,4.8,3.2,2.8,3.4,3.8,3.6
pair_0384_18e2caba-4532-496e-8727-97c24203e014,Evaluator5,LLaVA+FLUX,Structured,CH→US,5.0,4.4,4.8,4.2,4.4,4.56
pair_0385_190d1ece-b8e7-4da8-8a81-dcf32a21d69b,Evaluator5,LLaVA+FLUX,Structured,CH→US,5.0,3.8,4.4,5.0,4.2,4.48
pair_0388_19389722-aa16-414d-b5d6-8784dd164333,Evaluator5,LLaVA+FLUX,Structured,CH→US,5.0,4.4,4.8,3.6,3.0,4.16
pair_0398_19e1838b-82f5-499a-96de-eca39d84dc70,Evaluator5,LLaVA+FLUX,Structured,CH→US,4.2,3.8,2.6,3.2,2.8,3.32
pair_0399_19e7a605-9908-46bf-ab00-c0766619544f,Evaluator5,LLaVA+FLUX,Structured,CH→US,4.0,3.8,2.6,4.2,3.4,3.6
pair_0403_1a44b9f9-32b1-4d29-a92f-d026da5126c3,Evaluator5,LLaVA+FLUX,Structured,CH→US,3.2,4.6,4.0,5.0,3.4,4.04
pair_0405_1a6f3d63-101b-4cad-b5a9-7e29f6c61c17,Evaluator5,LLaVA+FLUX,Structured,CH→US,3.0,3.4,3.8,4.6,4.2,3.8
pair_0415_1ae19827-6f2a-4081-861f-6e57884b1b98,Evaluator5,LLaVA+FLUX,Structured,CH→US,5.0,4.4,4.2,4.4,3.2,4.24
pair_0420_1b5a120d-9cd3-453e-986e-5f796c4bd877,Evaluator5,LLaVA+FLUX,Structured,CH→US,4.6,3.8,3.2,3.6,4.4,3.92
pair_0421_1b5d078b-9147-4264-a047-dc0160158686,Evaluator5,LLaVA+FLUX,Structured,CH→US,4.0,3.8,4.6,4.0,4.4,4.16
pair_0437_1c718362-7ed5-40e7-b9f2-61f3a2db556a,Evaluator5,LLaVA+FLUX,Structured,CH→US,2.6,3.6,4.6,3.6,3.2,3.52
pair_0449_1dcd31ff-ffe6-43dd-8ca5-ffe71c8db46e,Evaluator5,LLaVA+FLUX,Structured,CH→US,5.0,4.2,4.4,3.4,3.2,4.04
pair_0451_1ddda803-1576-414b-bcb8-7110ee545576,Evaluator5,LLaVA+FLUX,Structured,CH→US,3.2,3.4,3.0,4.6,3.2,3.48
pair_0458_1e24dea5-81e9-4777-a8e5-62a2f6da7bb9,Evaluator5,LLaVA+FLUX,Structured,CH→US,4.4,3.6,3.8,3.6,4.4,3.96
pair_0460_1e378f9e-1ca0-4cf1-9a78-aa92ed5789f7,Evaluator5,LLaVA+FLUX,Structured,CH→US,4.2,4.8,3.2,5.0,4.4,4.32
pair_0471_1ec3c287-cf47-4892-a531-aca1917f5e78,Evaluator5,LLaVA+FLUX,Structured,CH→US,5.0,3.4,3.8,4.0,4.0,4.04
pair_0497_1fd9c00e-f61f-43b3-9a78-03324deca960,Evaluator5,LLaVA+FLUX,Structured,CH→US,4.8,5.0,3.6,4.0,3.4,4.16
pair_0513_2118d636-c35c-4fd5-8c20-896666299190,Evaluator5,LLaVA+FLUX,Structured,CH→US,4.6,4.4,3.2,4.8,4.6,4.32
pair_0517_21319c78-59fd-474e-8dd7-e272daf77710,Evaluator5,LLaVA+FLUX,Structured,CH→US,4.8,4.6,4.8,5.0,4.4,4.72
pair_0527_2197168d-2ec9-4389-ab3e-af53b83f0060,Evaluator5,LLaVA+FLUX,Structured,CH→US,4.6,3.6,4.8,4.0,3.8,4.16
pair_0543_22b4b741-c9c2-4619-bbf4-588876f7f888,Evaluator5,LLaVA+FLUX,Structured,CH→US,4.8,4.4,5.0,3.8,3.6,4.32
pair_0568_248b46f1-32a8-43bc-a835-c74ba31ba6ed,Evaluator5,LLaVA+FLUX,Structured,CH→US,4.2,5.0,4.6,4.4,4.2,4.48
pair_0573_24d7b1b4-77e4-46da-b967-147a1a7a482a,Evaluator5,LLaVA+FLUX,Structured,CH→US,3.8,4.2,4.0,2.8,5.0,3.96
pair_0576_25370328-70d8-41cd-9fd9-d31a2ad93dd4,Evaluator5,LLaVA+FLUX,Structured,CH→US,3.6,4.0,2.6,2.4,4.6,3.44
pair_0587_25c0d411-8662-4c3a-909b-0bffc69597c5,Evaluator5,LLaVA+FLUX,Structured,CH→US,3.4,2.8,3.2,3.2,4.4,3.4
pair_0628_28577799-590a-4cb6-9ea7-41621e2edfb9,Evaluator5,LLaVA+FLUX,Structured,CH→US,3.6,4.0,2.6,3.8,3.2,3.44
pair_0638_28ef2eb4-0f30-4091-ae9f-695243c69c15,Evaluator5,LLaVA+FLUX,Structured,CH→US,4.0,3.6,3.0,2.6,3.6,3.36
pair_0649_298850da-7b0e-447a-881e-a2441dbcf7a0,Evaluator5,LLaVA+FLUX,Structured,CH→US,3.6,3.8,2.4,3.4,3.8,3.4
pair_0655_2a23f767-e1d4-4ac1-bb49-944a681d2819,Evaluator5,LLaVA+FLUX,Structured,CH→US,5.0,4.4,3.4,2.8,3.4,3.8
pair_0657_2a317e6c-6435-4049-82ce-a3ff1ff6a9ff,Evaluator5,LLaVA+FLUX,Structured,CH→US,3.6,5.0,4.4,3.8,3.6,4.08
pair_0663_2a9def30-80ad-48b0-a2f9-510417485b37,Evaluator5,LLaVA+FLUX,Structured,CH→US,4.8,4.2,5.0,4.2,5.0,4.64
pair_0668_2b18b8d1-af0c-45fe-a894-7721aca5619b,Evaluator5,LLaVA+FLUX,Structured,CH→US,4.0,4.2,3.2,4.2,3.6,3.84
pair_0671_2b4930d0-dc7f-4e8e-8f0a-01b456ba32f5,Evaluator5,LLaVA+FLUX,Structured,CH→US,4.2,4.2,4.0,4.6,4.2,4.24
pair_0676_2b90eee7-edc5-4285-8c40-36cbd6000542,Evaluator5,LLaVA+FLUX,Structured,CH→US,4.0,4.6,3.4,4.0,4.0,4.0
pair_0678_2bb1ce17-23bb-4d0b-886c-6344cca69b3c,Evaluator5,LLaVA+FLUX,Structured,CH→US,3.8,4.4,3.6,3.0,4.8,3.92
pair_0683_2bf22749-0259-4f97-bda3-c04bfe95b15c,Evaluator5,LLaVA+FLUX,Structured,CH→US,4.0,4.2,4.6,4.8,3.8,4.28
pair_0702_2d69d8b4-2103-4719-b921-a880c961833c,Evaluator5,LLaVA+FLUX,Structured,CH→US,3.8,4.8,4.0,5.0,4.4,4.4
pair_0735_2fccbfaf-badd-4eda-ad1d-375404cf460c,Evaluator5,LLaVA+FLUX,Structured,CH→US,4.6,4.0,4.6,4.0,5.0,4.44
pair_0755_30b7b2f4-8fbd-4a5e-afc2-14467523cc62,Evaluator5,LLaVA+FLUX,Structured,CH→US,4.0,3.8,2.6,5.0,4.6,4.0
pair_0783_321bacaf-e7bd-41ce-8060-0eb15c788e41,Evaluator5,LLaVA+FLUX,Structured,CH→US,4.6,4.8,4.6,3.0,4.4,4.28
pair_0788_327fffef-334f-472c-9fee-a0f6eada164a,Evaluator5,LLaVA+FLUX,Structured,CH→US,4.2,4.6,3.6,3.6,2.4,3.68
pair_0791_32fa0408-6d76-4920-bb9b-4ae7e6c1121a,Evaluator5,LLaVA+FLUX,Structured,CH→US,3.0,3.6,4.6,5.0,4.8,4.2
pair_0818_3521d6de-40c0-4fd5-934e-888f646d2102,Evaluator5,LLaVA+FLUX,Structured,CH→US,5.0,4.2,4.4,4.6,4.0,4.44
pair_0827_35a44555-55ef-40c8-b12f-15e505c97aad,Evaluator5,LLaVA+FLUX,Structured,CH→US,3.8,3.8,3.6,2.8,4.0,3.6
pair_0862_37c08a1e-6c60-48ce-ab2f-bdd219a78131,Evaluator5,LLaVA+FLUX,Structured,CH→US,5.0,4.0,3.4,4.8,3.4,4.12
pair_0868_3872d23a-3717-462d-9c49-d642efa381d4,Evaluator5,LLaVA+FLUX,Structured,CH→US,5.0,4.2,3.8,4.6,3.4,4.2
pair_0871_387b1d4d-eb1a-42dc-8f98-97a8c78bc384,Evaluator5,LLaVA+FLUX,Structured,CH→US,3.8,3.8,3.4,3.8,4.6,3.88
pair_0874_389bb232-5ce4-45cb-914e-e132a46ba2b3,Evaluator5,LLaVA+FLUX,Structured,CH→US,5.0,4.8,5.0,4.6,4.0,4.68
pair_0879_38f8bfd6-09a9-469c-bc24-e630361145a6,Evaluator5,LLaVA+FLUX,Structured,CH→US,4.6,4.8,4.2,3.4,4.2,4.24
pair_0881_392c39a8-5812-4feb-8ff6-5cb84fa99ecf,Evaluator5,LLaVA+FLUX,Structured,CH→US,3.4,4.4,3.4,4.0,5.0,4.04
pair_0885_39521815-2521-4577-9908-6e57c475d53c,Evaluator5,LLaVA+FLUX,Structured,CH→US,4.2,4.2,3.8,3.8,2.6,3.72
pair_0899_3a1b2b0b-8334-4dcf-80f6-7900d15b4657,Evaluator5,LLaVA+FLUX,Structured,CH→US,4.8,4.4,4.6,4.6,4.4,4.56
pair_0902_3a6fe439-9e7b-4f1c-98de-e9c12d5f3e02,Evaluator5,LLaVA+FLUX,Structured,CH→US,5.0,4.4,4.0,4.8,5.0,4.64
pair_0903_3a89c5c9-4571-4bdf-b9f7-204c12de4060,Evaluator5,LLaVA+FLUX,Structured,CH→US,5.0,3.4,4.8,3.6,3.8,4.12
pair_0906_3a9a7e77-8a18-41da-9066-842d977847a1,Evaluator5,LLaVA+FLUX,Structured,CH→US,4.8,4.0,4.6,2.4,3.0,3.76
pair_0918_3bc00529-c5fd-4b6b-9cce-38fe98c239e0,Evaluator5,LLaVA+FLUX,Structured,CH→US,5.0,4.0,4.6,4.0,4.2,4.36
pair_0924_3c4023f7-658b-4060-9a64-5a7883bc03c1,Evaluator5,LLaVA+FLUX,Structured,CH→US,4.2,3.6,3.6,4.6,2.2,3.64
pair_0937_3cf13a0a-ce32-495a-8dc2-039f6fc026dc,Evaluator5,LLaVA+FLUX,Structured,CH→US,4.4,4.0,3.8,4.4,4.0,4.12
pair_0941_3d167e54-4991-4a74-910f-fff38f6fd037,Evaluator5,LLaVA+FLUX,Structured,CH→US,4.0,3.8,3.6,4.8,3.2,3.88
pair_0942_3d231028-6029-4c98-a158-72c5cc8f84e3,Evaluator5,LLaVA+FLUX,Structured,CH→US,4.2,3.8,3.2,2.2,2.2,3.12
pair_0946_3d526edf-7340-4806-b40b-3e7bd50f1d2b,Evaluator5,LLaVA+FLUX,Structured,CH→US,4.8,4.8,4.6,4.6,4.0,4.56
pair_0956_3e2d3bc8-fdf9-4e19-9a96-4bcf2324c7d7,Evaluator5,LLaVA+FLUX,Structured,CH→US,4.0,4.0,3.8,3.2,4.2,3.84
pair_0957_3e6cab88-30e0-455a-a112-d1505cb1deb0,Evaluator5,LLaVA+FLUX,Structured,CH→US,2.4,4.0,4.4,3.4,3.8,3.6
pair_0972_3ee445cf-c0cb-4231-9982-166eeabdea89,Evaluator5,LLaVA+FLUX,Structured,CH→US,3.8,4.8,3.0,4.2,2.6,3.68
pair_0978_3f41ed42-7676-41d3-8483-e6f08155cff5,Evaluator5,LLaVA+FLUX,Structured,CH→US,4.2,4.4,4.0,5.0,4.0,4.32
pair_0984_3f775dcb-6d71-4381-9425-569ed0f46ad6,Evaluator5,LLaVA+FLUX,Structured,CH→US,4.0,3.8,3.4,5.0,5.0,4.24
pair_0990_3fd7fc62-306d-4f92-ba7f-57bcc5741dae,Evaluator5,LLaVA+FLUX,Structured,CH→US,4.4,4.4,4.8,4.8,4.0,4.48
pair_0999_402013f1-fecb-439d-b70d-0f46a330a43c,Evaluator5,LLaVA+FLUX,Structured,CH→US,4.2,4.0,4.2,3.2,4.0,3.92
pair_1006_405034e9-79f9-4308-8c6b-bbafbfcdfb15,Evaluator5,LLaVA+FLUX,Structured,CH→US,4.8,3.2,3.2,2.8,4.0,3.6
pair_1007_40585f45-f576-4797-9a88-c1a188a0b236,Evaluator5,LLaVA+FLUX,Structured,CH→US,5.0,4.0,4.6,4.2,3.6,4.28
pair_1014_4095d14c-4021-4dc0-8dd7-6c899521de2f,Evaluator5,LLaVA+FLUX,Structured,CH→US,5.0,4.8,3.4,4.6,3.8,4.32
pair_1019_41054321-d5d8-4e35-8686-c3d3eafae7f3,Evaluator5,LLaVA+FLUX,Structured,CH→US,4.6,3.8,4.2,4.4,3.0,4.0
pair_1022_415ad82b-7a10-4dbb-9476-dd5bdf1ee964,Evaluator5,LLaVA+FLUX,Structured,CH→US,4.6,4.2,4.6,4.8,3.6,4.36
pair_1027_41a9b241-1ff5-4aeb-a8a6-10fc82537410,Evaluator5,LLaVA+FLUX,Structured,CH→US,4.0,4.2,4.4,4.8,5.0,4.48
pair_1033_41daff2e-c377-478d-823f-150941521aea,Evaluator5,LLaVA+FLUX,Structured,CH→US,4.8,3.4,2.6,5.0,3.2,3.8
pair_1080_45076f41-6d00-4311-80b2-5c10cfc00267,Evaluator5,LLaVA+FLUX,Structured,CH→US,4.0,4.2,3.0,3.4,2.0,3.32
pair_1082_4521b507-4d9c-4cf7-a255-5162e9ba62a1,Evaluator5,LLaVA+FLUX,Structured,CH→US,4.8,3.8,4.2,4.4,3.2,4.08
pair_1087_45834c2d-03d4-4c36-be8a-b9afa80db7eb,Evaluator5,LLaVA+FLUX,Structured,CH→US,2.6,3.8,2.4,3.2,3.8,3.16
pair_1088_4584e96e-26b3-4b8c-87fb-8687cf550edd,Evaluator5,LLaVA+FLUX,Structured,CH→US,3.8,3.4,3.4,3.6,4.2,3.68
pair_1089_45aec131-82af-45be-a45c-9ea5840bbb64,Evaluator5,LLaVA+FLUX,Structured,CH→US,4.8,3.6,5.0,5.0,4.2,4.52
pair_1096_45fcebc9-4f77-478c-8017-1322e508879c,Evaluator5,LLaVA+FLUX,Structured,CH→US,5.0,4.0,4.0,4.8,4.8,4.52
pair_1097_4606292d-ebf5-4507-bead-a92e34eed5db,Evaluator5,LLaVA+FLUX,Structured,CH→US,4.6,4.6,5.0,5.0,5.0,4.84
pair_1100_4613915e-24bb-4634-af80-b1c84d80bcaa,Evaluator5,LLaVA+FLUX,Structured,CH→US,3.6,4.8,5.0,5.0,3.4,4.36
pair_1109_467d7754-c0fc-4054-ad0a-98f6608aed07,Evaluator5,LLaVA+FLUX,Structured,CH→US,4.0,4.6,3.2,4.4,3.6,3.96
pair_1130_47b3f90d-b627-4608-9867-ab3e78beeebb,Evaluator5,LLaVA+FLUX,Structured,CH→US,3.0,4.4,4.6,2.4,3.6,3.6
pair_1142_48781324-ab2b-4a47-9d8c-d5dd8d166121,Evaluator5,LLaVA+FLUX,Structured,CH→US,5.0,4.4,3.2,4.4,4.4,4.28
pair_1143_487a69b9-c15a-4d47-a904-b5543e04cf37,Evaluator5,LLaVA+FLUX,Structured,CH→US,5.0,4.4,4.2,3.8,4.6,4.4
pair_1144_487d3ea1-079b-456f-a738-692ceff91994,Evaluator5,LLaVA+FLUX,Structured,CH→US,3.6,5.0,3.6,3.4,5.0,4.12
pair_1189_4c2bc752-146a-40a6-8d67-c93e96ee60c0,Evaluator5,LLaVA+FLUX,Structured,CH→US,4.8,4.4,4.0,4.4,4.8,4.48
pair_1204_4cd9a054-333a-48a2-b18a-2187167f2071,Evaluator5,LLaVA+FLUX,Structured,CH→US,4.2,4.2,5.0,3.0,3.8,4.04
pair_1206_4cf73401-87e2-4d9c-936d-fdc2758f6708,Evaluator5,LLaVA+FLUX,Structured,CH→US,4.2,4.4,4.6,5.0,4.4,4.52
pair_1227_4e332fc4-14c0-437b-bb55-7b372d95f86b,Evaluator5,LLaVA+FLUX,Structured,CH→US,4.8,4.4,3.0,3.8,4.6,4.12
pair_1264_51be0d40-c0b9-49e8-bcb3-ac0ce152e77a,Evaluator5,LLaVA+FLUX,Structured,CH→US,4.2,4.2,4.6,4.0,5.0,4.4
pair_1282_53189201-e6c3-4cfa-923e-f3e5210e4354,Evaluator5,LLaVA+FLUX,Structured,CH→US,4.0,3.6,4.2,4.4,4.8,4.2
pair_1295_53bdb99e-8e97-4f6d-8571-e69c206233c0,Evaluator5,LLaVA+FLUX,Structured,CH→US,4.8,4.0,3.8,4.0,5.0,4.32
pair_1300_53eb00d2-67cf-4e38-b7fa-1c40b5975c33,Evaluator5,LLaVA+FLUX,Structured,CH→US,3.8,3.0,3.6,3.4,4.0,3.56
pair_1335_55d34d7d-d685-44a5-acca-5b6e1cc8ef3d,Evaluator5,LLaVA+FLUX,Structured,CH→US,3.6,4.4,4.4,4.6,4.2,4.24
pair_1336_56034dbd-52c6-4563-a304-85b2011b8e98,Evaluator5,LLaVA+FLUX,Structured,CH→US,4.0,3.2,3.6,4.2,3.8,3.76
pair_1361_57ec653f-d386-4782-990e-f41003b3bd44,Evaluator5,LLaVA+FLUX,Structured,CH→US,5.0,4.4,5.0,5.0,4.0,4.68
pair_1386_598ceeaa-8a94-4cf8-aa7e-c8f7cae9b186,Evaluator5,LLaVA+FLUX,Structured,CH→US,3.8,3.8,3.8,4.8,3.8,4.0
pair_1392_59e597bc-0735-4ccb-a7a9-a8790902893e,Evaluator5,LLaVA+FLUX,Structured,CH→US,5.0,3.6,3.6,3.0,2.4,3.52
pair_1397_5a435eb5-8783-4898-adf8-fcbc4f17897d,Evaluator5,LLaVA+FLUX,Structured,CH→US,3.0,4.8,5.0,3.4,3.8,4.0
pair_1401_5a9c46fb-44f0-4fd6-9547-fb7631d3fec8,Evaluator5,LLaVA+FLUX,Structured,CH→US,4.4,4.0,4.2,2.6,3.2,3.68
pair_1416_5bec7ecd-dcbe-4254-b705-1d78489725f0,Evaluator5,LLaVA+FLUX,Structured,CH→US,4.0,4.2,4.0,4.6,4.2,4.2
pair_1459_5f0a019f-5c78-40c1-9344-b544705bb46c,Evaluator5,LLaVA+FLUX,Structured,CH→US,4.8,4.0,4.2,5.0,4.6,4.52
pair_1463_5f49b754-cd03-4c57-991d-dae87aa14f96,Evaluator5,LLaVA+FLUX,Structured,CH→US,5.0,4.0,4.2,5.0,4.6,4.56
pair_1478_60306fd4-5d00-4ad1-82df-07e3f198b94d,Evaluator5,LLaVA+FLUX,Structured,CH→US,4.4,3.8,4.6,4.2,4.4,4.28
pair_1489_611a5285-5dae-41ae-9276-82cf393352ad,Evaluator5,LLaVA+FLUX,Structured,CH→US,3.2,4.4,4.4,4.0,2.6,3.72
pair_1490_6121391d-aa8c-4278-b7c4-a3f02c340fbb,Evaluator5,LLaVA+FLUX,Structured,CH→US,5.0,4.2,4.4,3.6,4.2,4.28
pair_1494_61a2025a-d83f-4ff5-864e-9897a172945b,Evaluator5,LLaVA+FLUX,Structured,CH→US,4.2,3.4,2.6,4.0,2.8,3.4
pair_1502_62032b90-dda0-412d-8303-2927b1b2d345,Evaluator5,LLaVA+FLUX,Structured,CH→US,2.8,4.2,4.4,4.6,3.2,3.84
pair_1524_63db3ad5-f737-4c1e-badf-b4280573d5a2,Evaluator5,LLaVA+FLUX,Structured,CH→US,4.4,3.8,4.6,3.6,3.6,4.0
pair_1537_64882e60-e287-4f24-a412-076e17533f3b,Evaluator5,LLaVA+FLUX,Structured,CH→US,5.0,4.6,3.0,3.6,4.6,4.16
pair_1539_64d0b7a0-3976-407b-ac62-ec922b95b86a,Evaluator5,LLaVA+FLUX,Structured,CH→US,5.0,4.6,4.2,3.8,3.2,4.16
pair_1558_663130e0-d5a9-4484-95ae-4ec9b513c205,Evaluator5,LLaVA+FLUX,Structured,CH→US,4.6,3.6,3.4,3.2,3.8,3.72
pair_1560_6634b2e2-3b36-4a51-8583-df583860ac04,Evaluator5,LLaVA+FLUX,Structured,CH→US,4.0,4.0,2.8,4.2,4.4,3.88
pair_1563_6690dd92-f51b-43e1-b7d4-d2eb35b8c35a,Evaluator5,LLaVA+FLUX,Structured,CH→US,3.8,4.0,2.0,5.0,2.6,3.48
pair_1565_66acd554-d98e-45ab-bdc2-d970b15fa8c2,Evaluator5,LLaVA+FLUX,Structured,CH→US,4.6,3.6,4.6,3.6,4.8,4.24
pair_1572_66f3ad51-702d-4e99-a6bd-f359501c6b4a,Evaluator5,LLaVA+FLUX,Structured,CH→US,4.8,4.0,4.4,4.6,3.2,4.2
pair_1585_67c7b42a-7025-4ec7-aaa1-d8879116c583,Evaluator5,LLaVA+FLUX,Structured,CH→US,4.6,4.0,4.4,3.8,3.6,4.08
pair_1629_6afadc61-7907-4d1d-8350-d77e4c47c071,Evaluator5,LLaVA+FLUX,Structured,CH→US,5.0,3.6,2.6,4.0,3.4,3.72
pair_1643_6ba4138b-07dc-41ab-b4c5-d625f0478ed2,Evaluator5,LLaVA+FLUX,Structured,CH→US,3.2,3.6,3.8,3.6,4.0,3.64
pair_1644_6bbca274-7b59-445f-ad2e-66db216d7779,Evaluator5,LLaVA+FLUX,Structured,CH→US,4.8,4.2,4.2,4.6,4.0,4.36
pair_1651_6c2d0691-fae5-4e29-8f74-bfe06d2cfa2c,Evaluator5,LLaVA+FLUX,Structured,CH→US,4.8,4.2,5.0,4.2,4.8,4.6
pair_1652_6c36e1f2-0bcf-4c9f-8884-aa57da0d1eef,Evaluator5,LLaVA+FLUX,Structured,CH→US,5.0,4.6,4.8,5.0,4.2,4.72
pair_1658_6c8ea875-f2ea-4553-84ad-38bb211796d4,Evaluator5,LLaVA+FLUX,Structured,CH→US,3.6,4.0,4.2,3.0,3.2,3.6
pair_1673_6d8647d2-91ad-4cbb-9af3-fe9713f5122a,Evaluator5,LLaVA+FLUX,Structured,CH→US,3.0,4.0,4.4,3.8,2.8,3.6
pair_1676_6d91532a-8875-45f3-a1f8-3c1da6b2077b,Evaluator5,LLaVA+FLUX,Structured,CH→US,5.0,4.6,3.6,3.6,5.0,4.36
pair_1692_6e7c581a-571c-40a0-9df4-375c93ff4e1f,Evaluator5,LLaVA+FLUX,Structured,CH→US,5.0,4.0,5.0,4.2,4.4,4.52
pair_1727_711ebbca-dc02-4226-ad56-dae70243ee3e,Evaluator5,LLaVA+FLUX,Structured,CH→US,3.4,3.2,2.6,3.2,3.0,3.08
pair_1737_af8578c2-638d-40a5-a92f-a58f0c67a4ac,Evaluator5,LLaVA+FLUX,Structured,CH→US,4.2,3.8,3.4,4.6,3.2,3.84
pair_1738_afb54c24-543d-41b3-90f9-6ac10852a18b,Evaluator5,LLaVA+FLUX,Structured,CH→US,4.4,5.0,4.4,4.6,3.8,4.44
pair_1740_afcf97b9-b7e5-4284-9302-c7b2a8087b53,Evaluator5,LLaVA+FLUX,Structured,CH→US,3.2,4.0,2.6,3.8,3.2,3.36
pair_1742_afeec6a7-de6a-46be-9b5c-d935134a1cec,Evaluator5,LLaVA+FLUX,Structured,CH→US,5.0,3.6,4.2,3.2,5.0,4.2
pair_1743_aff6e59c-81b9-444c-a9b5-6bcac1887ca6,Evaluator5,LLaVA+FLUX,Structured,CH→US,3.6,3.2,2.6,2.4,3.8,3.12
pair_1763_b0e3c991-072c-4110-bbf3-af32f59774a1,Evaluator5,LLaVA+FLUX,Structured,CH→US,4.0,3.6,4.0,2.2,3.4,3.44
pair_1774_b15af2ad-772a-45e4-900c-30743d51b0cd,Evaluator5,LLaVA+FLUX,Structured,CH→US,3.2,3.8,3.4,3.0,1.6,3.0
pair_1789_b1ff4e3a-fe44-4519-8d4a-c639c86d5239,Evaluator5,LLaVA+FLUX,Structured,CH→US,4.0,4.0,2.4,3.8,4.4,3.72
pair_1803_b297c6c1-e548-499f-8c23-13df75c00704,Evaluator5,LLaVA+FLUX,Structured,CH→US,4.8,4.8,4.2,5.0,3.6,4.48
pair_1824_b45ae222-aea6-4397-8cf2-44e75308e9d2,Evaluator5,LLaVA+FLUX,Structured,CH→US,4.8,4.4,4.4,4.4,4.2,4.44
pair_1846_b5bc5c05-f37e-4003-a388-a3f8c51974fe,Evaluator5,LLaVA+FLUX,Structured,CH→US,4.4,3.8,4.2,4.8,3.2,4.08
pair_1848_b5c8bc4a-c370-4e3d-b513-199c0261a6e4,Evaluator5,LLaVA+FLUX,Structured,CH→US,3.8,5.0,3.6,3.8,4.8,4.2
pair_1858_b65fac31-cbff-48c4-8d8e-b62adba07545,Evaluator5,LLaVA+FLUX,Structured,CH→US,4.4,3.2,3.6,4.6,5.0,4.16
pair_1866_b6cf69c9-c796-45cf-bf39-caf640497584,Evaluator5,LLaVA+FLUX,Structured,CH→US,5.0,3.8,3.6,3.6,4.4,4.08
pair_1867_b6e03742-463f-4de2-b282-b38cab9c6e8f,Evaluator5,LLaVA+FLUX,Structured,CH→US,4.4,4.4,5.0,4.2,4.2,4.44
pair_1888_b89c6706-9b79-4610-af3d-383ad1cdc20f,Evaluator5,LLaVA+FLUX,Structured,CH→US,5.0,4.0,3.6,4.0,2.8,3.88
pair_1890_b8c4c9d2-e930-48fb-8ca1-75520c07851b,Evaluator5,LLaVA+FLUX,Structured,CH→US,4.6,5.0,4.6,3.8,4.4,4.48
pair_1903_b962a8c1-7945-4934-ba70-1f0ca7e7aeb1,Evaluator5,LLaVA+FLUX,Structured,CH→US,4.2,5.0,4.2,3.8,4.0,4.24
pair_1904_b966df78-3986-4f6f-bedf-b1c91fc095ab,Evaluator5,LLaVA+FLUX,Structured,CH→US,3.6,4.4,5.0,3.0,5.0,4.2
pair_1922_ba546b93-0eba-4893-84dc-faba9308d7e2,Evaluator5,LLaVA+FLUX,Structured,CH→US,5.0,4.0,4.0,4.0,5.0,4.4
pair_1927_ba827a9a-0c9f-4a1a-9e32-b14c567e4ca9,Evaluator5,LLaVA+FLUX,Structured,CH→US,3.0,4.6,3.8,4.0,4.0,3.88
pair_1946_bb8ed407-c94e-4810-91a9-7287be0b05cc,Evaluator5,LLaVA+FLUX,Structured,CH→US,3.8,3.8,2.8,3.4,3.8,3.52
pair_1947_bbadcd8b-84e3-4d15-bb82-2736c5f06ce0,Evaluator5,LLaVA+FLUX,Structured,CH→US,4.4,4.0,5.0,3.2,4.8,4.28
pair_1956_bc309f0f-f60d-4390-84a5-f7d4ee003564,Evaluator5,LLaVA+FLUX,Structured,CH→US,5.0,4.0,5.0,4.0,3.2,4.24
pair_1981_bd65e7d6-5770-445e-80b1-8b9fbad35833,Evaluator5,LLaVA+FLUX,Structured,CH→US,2.2,3.2,4.4,4.2,2.2,3.24
pair_1998_be4a25d4-e588-4012-b4a8-3267a6777e18,Evaluator5,LLaVA+FLUX,Structured,CH→US,4.4,4.4,4.4,4.4,3.8,4.28
pair_1999_be507969-9e81-45d9-9041-36058a6c9114,Evaluator5,LLaVA+FLUX,Structured,CH→US,3.0,2.2,2.0,2.4,3.4,2.6
pair_2000_be50945e-68aa-43c7-96a5-58507cbc4a5c,Evaluator5,LLaVA+FLUX,Structured,CH→US,5.0,5.0,3.8,3.6,3.6,4.2
pair_2011_bf26a02b-1535-48bd-b057-14cda7ed2493,Evaluator5,LLaVA+FLUX,Structured,CH→US,5.0,4.2,4.0,4.0,4.6,4.36
pair_2031_c007ec03-812e-4035-9ca5-2f16dbcb994d,Evaluator5,LLaVA+FLUX,Structured,CH→US,4.2,3.0,3.6,3.0,4.0,3.56
pair_2054_c1c30a0c-5574-4bce-86e4-6babe71ed202,Evaluator5,LLaVA+FLUX,Structured,CH→US,4.0,4.0,3.6,3.2,4.2,3.8
pair_2060_c1fbef0f-7020-49b0-b16b-44655807057c,Evaluator5,LLaVA+FLUX,Structured,CH→US,3.6,3.6,3.8,3.8,4.8,3.92
pair_2079_c35972d0-4a27-4a97-bd9e-6a81c7567d6d,Evaluator5,LLaVA+FLUX,Structured,CH→US,4.4,4.0,4.2,3.8,3.8,4.04
pair_2090_c42304ac-0530-4747-89e0-46f151314d8f,Evaluator5,LLaVA+FLUX,Structured,CH→US,4.8,3.6,4.4,3.4,3.8,4.0
pair_2098_c45af800-1eb7-442e-9b8d-126ef98ad832,Evaluator5,LLaVA+FLUX,Structured,CH→US,3.2,3.2,4.0,3.2,1.2,2.96
pair_2116_c521d566-a651-43af-878b-ea86d57431e1,Evaluator5,LLaVA+FLUX,Structured,CH→US,4.0,3.6,3.2,2.6,2.2,3.12
pair_2130_c5bddb43-8b16-4710-8de9-22728450d21a,Evaluator5,LLaVA+FLUX,Structured,CH→US,4.4,4.0,4.8,4.2,4.2,4.32
pair_2173_c8271fd5-29d6-4472-b470-bc380f6a20c3,Evaluator5,LLaVA+FLUX,Structured,CH→US,3.8,4.6,5.0,4.2,4.4,4.4
pair_2179_c8b9cc98-2686-488c-83cc-529296d1b725,Evaluator5,LLaVA+FLUX,Structured,CH→US,4.6,4.8,4.8,5.0,4.0,4.64
pair_2184_c8dcf3ac-ec01-4df0-80cd-f4e839a6641c,Evaluator5,LLaVA+FLUX,Structured,CH→US,3.2,4.4,3.0,3.0,2.4,3.2
pair_2193_c92bb841-aeaa-44a7-b439-2f961835922a,Evaluator5,LLaVA+FLUX,Structured,CH→US,4.4,4.2,3.8,3.0,4.8,4.04
pair_2199_c9757780-3b2a-4761-849f-ce39ef579aa3,Evaluator5,LLaVA+FLUX,Structured,CH→US,4.6,4.8,3.2,4.6,2.8,4.0
pair_2208_c9cbe243-ed57-4c45-9c76-d4fe9d601624,Evaluator5,LLaVA+FLUX,Structured,CH→US,5.0,5.0,5.0,3.6,3.6,4.44
pair_2211_ca01df3d-b0d7-47cb-87f2-eb37d21d3fc7,Evaluator5,LLaVA+FLUX,Structured,CH→US,4.6,5.0,4.8,3.0,3.6,4.2
pair_2219_ca8367db-ee15-444a-925d-c672a257bdea,Evaluator5,LLaVA+FLUX,Structured,CH→US,3.4,4.6,4.8,4.2,4.8,4.36
pair_2220_ca8394a1-e225-4094-be25-d0219425a7cb,Evaluator5,LLaVA+FLUX,Structured,CH→US,2.6,4.0,4.0,4.0,3.0,3.52
pair_2221_ca8b5334-ae33-437e-9e9d-0a3409512266,Evaluator5,LLaVA+FLUX,Structured,CH→US,4.0,3.6,3.4,3.6,3.6,3.64
pair_2226_cae9ab9c-7e85-4c32-b011-20bb4f4351b0,Evaluator5,LLaVA+FLUX,Structured,CH→US,5.0,4.2,3.4,5.0,3.6,4.24
pair_2244_cc58e1f0-af10-4ffe-b175-bef215f837ed,Evaluator5,LLaVA+FLUX,Structured,CH→US,3.2,3.0,1.8,3.0,4.2,3.04
pair_2245_cc58e3ba-a74f-4b8c-a071-2f4b5204ece6,Evaluator5,LLaVA+FLUX,Structured,CH→US,4.6,3.8,4.4,4.2,4.0,4.2
pair_2263_cd163a39-4aff-4959-98f5-6615868fb649,Evaluator5,LLaVA+FLUX,Structured,CH→US,4.8,4.4,4.6,4.6,5.0,4.68
pair_2266_cd4d3453-e863-4507-b02e-294d6ae18786,Evaluator5,LLaVA+FLUX,Structured,CH→US,2.4,4.0,2.8,2.8,1.0,2.6
pair_2273_cd97b068-7047-4151-ac50-f2ecdaf27144,Evaluator5,LLaVA+FLUX,Structured,CH→US,4.4,5.0,5.0,4.8,3.0,4.44
pair_2278_cdef7df0-2b6b-4288-ba2a-2c7b0fa30f41,Evaluator5,LLaVA+FLUX,Structured,CH→US,4.6,3.8,4.2,3.4,4.6,4.12
pair_2280_ce2c3c37-503b-4198-b8b6-f98fdc398fb8,Evaluator5,LLaVA+FLUX,Structured,CH→US,3.6,4.2,4.8,4.0,3.4,4.0
pair_2293_cf054af3-60a3-457f-8b99-98e8db2f88f2,Evaluator5,LLaVA+FLUX,Structured,CH→US,3.2,3.6,3.6,3.8,2.6,3.36
pair_2310_cfd1f52d-5202-4267-92a4-d13ebd81e1ca,Evaluator5,LLaVA+FLUX,Structured,CH→US,3.8,3.8,3.6,5.0,3.6,3.96
pair_2311_cfeafd96-8008-461e-b73b-ef461673ad7c,Evaluator5,LLaVA+FLUX,Structured,CH→US,4.8,4.2,4.2,4.4,5.0,4.52
pair_2335_d17b5b8f-8f3a-411c-9feb-434f87030d30,Evaluator5,LLaVA+FLUX,Structured,CH→US,5.0,3.8,4.2,3.2,4.0,4.04
pair_2350_d25d4b5f-afbb-4c3e-8093-0379334f7552,Evaluator5,LLaVA+FLUX,Structured,CH→US,4.0,4.4,5.0,4.8,3.8,4.4
pair_2372_d372f91e-c30d-4098-af61-b13c6534cbec,Evaluator5,LLaVA+FLUX,Structured,CH→US,4.4,3.8,4.4,4.2,4.4,4.24
pair_2376_d3c74f78-8094-4442-a119-cae9e09761a2,Evaluator5,LLaVA+FLUX,Structured,CH→US,5.0,3.8,3.4,3.8,3.8,3.96
pair_2402_d58c68bf-bc66-4716-86cb-36134e898f5f,Evaluator5,LLaVA+FLUX,Structured,CH→US,5.0,4.6,5.0,2.6,4.8,4.4
pair_2406_d5ceb4b1-6b81-452b-81d7-35ea36bf2eeb,Evaluator5,LLaVA+FLUX,Structured,CH→US,2.8,4.4,3.8,4.0,3.8,3.76
pair_2421_d68ff872-a87b-4ec2-9b94-78764be4c9c4,Evaluator5,LLaVA+FLUX,Structured,CH→US,4.2,4.2,3.6,4.2,4.2,4.08
pair_2422_d691a702-6edd-45c2-9c06-0df0b512badf,Evaluator5,LLaVA+FLUX,Structured,CH→US,3.2,3.6,4.4,4.0,3.6,3.76
pair_2425_d6bc074c-db5d-4142-a9a9-c9a10b07741b,Evaluator5,LLaVA+FLUX,Structured,CH→US,3.6,4.6,4.0,3.4,5.0,4.12
pair_2430_d725f522-e18b-4c58-9528-faf57757e885,Evaluator5,LLaVA+FLUX,Structured,CH→US,2.6,3.2,3.0,3.2,3.2,3.04
pair_2452_d8212c3a-86c9-4a4c-bee9-c4049155dd03,Evaluator5,LLaVA+FLUX,Structured,CH→US,4.4,4.4,3.4,4.4,3.8,4.08
pair_2454_d82933ab-2100-4fab-b4d2-8a542e6f3fc9,Evaluator5,LLaVA+FLUX,Structured,CH→US,4.4,4.0,4.2,3.4,4.2,4.04
pair_2465_d8dfa6ce-3d4a-4e4b-97a0-e748a12803e2,Evaluator5,LLaVA+FLUX,Structured,CH→US,4.4,4.2,4.8,4.6,3.0,4.2
pair_2477_d982db32-475b-41d4-a2e8-80b9303bbc30,Evaluator5,LLaVA+FLUX,Structured,CH→US,4.2,3.4,4.2,4.2,3.8,3.96
pair_2484_d9d801f9-322f-4da3-a4ff-53c748a9ce39,Evaluator5,LLaVA+FLUX,Structured,CH→US,5.0,3.6,3.2,3.8,3.0,3.72
pair_2496_da9fb676-6bb1-4538-b238-e97e162e8236,Evaluator5,LLaVA+FLUX,Structured,CH→US,5.0,4.4,3.0,4.4,2.4,3.84
pair_2506_dafdb075-7964-4b39-86ed-228ab3913e97,Evaluator5,LLaVA+FLUX,Structured,CH→US,4.8,3.6,3.8,3.8,3.2,3.84
pair_2507_db0c499a-c28c-44a7-8ded-bd48787d581e,Evaluator5,LLaVA+FLUX,Structured,CH→US,4.2,4.2,5.0,4.2,3.6,4.24
pair_2545_dcff685b-d2be-4514-a200-5d19e7f7a4a2,Evaluator5,LLaVA+FLUX,Structured,CH→US,3.8,4.4,4.0,5.0,4.0,4.24
pair_2573_de6ebe4f-ac94-4024-beb2-fb53f0b89803,Evaluator5,LLaVA+FLUX,Structured,CH→US,4.4,4.0,4.0,4.0,5.0,4.28
pair_2582_dee43611-3016-4f04-8855-3b82f3671bac,Evaluator5,LLaVA+FLUX,Structured,CH→US,3.8,4.0,3.8,4.2,3.4,3.84
pair_2586_df1613e3-9478-4197-9594-2cf454994945,Evaluator5,LLaVA+FLUX,Structured,CH→US,4.8,3.2,3.8,5.0,2.8,3.92
pair_2596_df90f77f-5975-4ae3-8ded-4ada5915a94d,Evaluator5,LLaVA+FLUX,Structured,CH→US,5.0,4.4,4.0,4.0,4.6,4.4
pair_2612_e0697d81-42b7-40c9-bc4e-e095ef2db07c,Evaluator5,LLaVA+FLUX,Structured,CH→US,3.6,3.4,4.2,1.8,4.2,3.44
pair_2615_e0a89383-2ca7-4c4f-b402-75f19fb27947,Evaluator5,LLaVA+FLUX,Structured,CH→US,3.8,4.2,4.6,4.0,3.8,4.08
pair_2629_e1cc0a09-ca6a-4e2b-a169-29f56e89f80f,Evaluator5,LLaVA+FLUX,Structured,CH→US,4.2,4.4,3.4,5.0,4.0,4.2
pair_2631_e1fa0666-9e9e-4c4b-a68c-ee61222c48ca,Evaluator5,LLaVA+FLUX,Structured,CH→US,4.4,4.0,3.4,3.8,3.0,3.72
pair_2633_e20f594d-6663-4fe5-a4ed-7f1520942e07,Evaluator5,LLaVA+FLUX,Structured,CH→US,4.2,3.4,2.8,5.0,4.6,4.0
pair_2637_e2584419-25ec-488c-a80c-f808fb5ceb24,Evaluator5,LLaVA+FLUX,Structured,CH→US,2.0,3.2,4.2,4.0,2.4,3.16
pair_2645_e2b7473d-0fd9-488a-bb18-bb7bf5386f3c,Evaluator5,LLaVA+FLUX,Structured,CH→US,4.8,3.8,5.0,3.6,3.8,4.2
pair_2658_e3532e4a-2de6-433b-9298-43b9d5d79a4b,Evaluator5,LLaVA+FLUX,Structured,CH→US,4.4,4.2,4.0,3.8,4.2,4.12
pair_2666_e3b72350-e38b-437d-b9e6-e149872bff64,Evaluator5,LLaVA+FLUX,Structured,CH→US,5.0,4.4,3.4,4.8,4.6,4.44
pair_2673_e444ad2a-3627-47f7-893b-c1b220f10f8d,Evaluator5,LLaVA+FLUX,Structured,CH→US,2.8,4.2,2.4,3.6,4.6,3.52
pair_2683_e4b3b041-dee8-42c5-ab6a-b93ecf3f4213,Evaluator5,LLaVA+FLUX,Structured,CH→US,5.0,4.4,4.6,3.4,3.6,4.2
pair_2688_e4fd7377-5fd1-4853-ba93-85db2e2069da,Evaluator5,LLaVA+FLUX,Structured,CH→US,4.4,4.6,3.4,5.0,4.0,4.28
pair_2696_e57f7606-93f5-4ba3-96c4-f4bdd7e76706,Evaluator5,LLaVA+FLUX,Structured,CH→US,4.4,4.2,5.0,5.0,5.0,4.72
pair_2711_e5ea2215-bf9f-4091-ae84-ec210e95d2bb,Evaluator5,LLaVA+FLUX,Structured,CH→US,4.0,4.6,2.8,3.2,3.6,3.64
pair_2714_e608a21e-b346-473a-aabb-66c2b64cfe1d,Evaluator5,LLaVA+FLUX,Structured,CH→US,5.0,5.0,3.8,5.0,4.6,4.68
pair_2720_e62f158e-b152-4f1f-a69f-6f369d25217d,Evaluator5,LLaVA+FLUX,Structured,CH→US,4.0,4.4,4.4,3.8,4.2,4.16
pair_2752_e81f273d-8f39-4d14-95e9-f041628f8266,Evaluator5,LLaVA+FLUX,Structured,CH→US,5.0,5.0,3.8,5.0,5.0,4.76
pair_2757_e85576f8-b62a-4847-99e5-190351e63ea3,Evaluator5,LLaVA+FLUX,Structured,CH→US,5.0,4.6,4.0,5.0,5.0,4.72
pair_2763_e8e76405-cec0-4f83-bbce-27177af381ed,Evaluator5,LLaVA+FLUX,Structured,CH→US,4.8,4.8,4.8,3.4,3.8,4.32
pair_2770_e9273f3d-5ba0-4963-be3a-dfde65c78bf3,Evaluator5,LLaVA+FLUX,Structured,CH→US,4.0,4.6,3.4,4.4,3.6,4.0
pair_2783_e9bedc28-3228-4627-a360-dda9e464ba6f,Evaluator5,LLaVA+FLUX,Structured,CH→US,4.6,4.8,4.8,4.4,4.8,4.68
pair_2798_ea8f9d50-7a00-4a9d-bff2-e5bd8716fd9a,Evaluator5,LLaVA+FLUX,Structured,CH→US,4.0,4.2,4.2,4.6,4.8,4.36
pair_2799_ea957032-5cf4-436b-bb10-1a353340338a,Evaluator5,LLaVA+FLUX,Structured,CH→US,4.6,4.0,3.0,3.8,5.0,4.08
pair_2804_eafdfae2-2f1f-4f46-9769-780c79528f43,Evaluator5,LLaVA+FLUX,Structured,CH→US,4.2,4.2,5.0,4.0,2.6,4.0
pair_2811_eb8130e6-5d25-445a-b76c-cf29fd93fdba,Evaluator5,LLaVA+FLUX,Structured,CH→US,3.2,4.2,3.4,3.2,3.2,3.44
pair_2816_ebb9112a-077b-4a20-bc0c-4ff0010e8156,Evaluator5,LLaVA+FLUX,Structured,CH→US,4.2,4.0,4.6,3.6,3.0,3.88
pair_2830_ec8a01b4-e996-45e2-9556-528726f5e6ab,Evaluator5,LLaVA+FLUX,Structured,CH→US,4.2,4.6,3.4,4.4,4.2,4.16
pair_2837_ecd85cac-41d3-4704-aae1-4ae37549666a,Evaluator5,LLaVA+FLUX,Structured,CH→US,4.8,4.6,4.8,4.0,3.8,4.4
pair_2871_eea52268-f3f7-4ac6-922b-2645acabe998,Evaluator5,LLaVA+FLUX,Structured,CH→US,5.0,4.0,5.0,4.8,3.8,4.52
pair_2884_ef245e9d-0161-442a-87f8-2cd273952a52,Evaluator5,LLaVA+FLUX,Structured,CH→US,4.8,4.0,4.2,4.4,4.0,4.28
pair_2886_ef3e0886-cfba-4586-9276-b079bedcef40,Evaluator5,LLaVA+FLUX,Structured,CH→US,5.0,3.8,3.2,4.6,4.8,4.28
pair_2897_f0068457-8e96-4994-8400-0914c06eb392,Evaluator5,LLaVA+FLUX,Structured,CH→US,4.2,4.8,4.6,3.2,5.0,4.36
pair_2911_f0c8aaaa-64e9-4dcb-bbda-cfcef24d2788,Evaluator5,LLaVA+FLUX,Structured,CH→US,4.4,4.6,4.4,4.4,4.8,4.52
pair_2932_f22af744-2876-4928-b42e-842725e8a178,Evaluator5,LLaVA+FLUX,Structured,CH→US,5.0,3.8,3.8,4.2,3.8,4.12
pair_2944_f311246a-9246-466b-83d3-86fa46c60b14,Evaluator5,LLaVA+FLUX,Structured,CH→US,5.0,4.4,5.0,4.4,3.6,4.48
pair_2952_f37d4f63-196f-4053-833a-61d0757c6f18,Evaluator5,LLaVA+FLUX,Structured,CH→US,4.6,3.8,3.6,3.6,3.8,3.88
pair_2959_f3ac9c98-179b-4673-ba8f-d47c1e48317f,Evaluator5,LLaVA+FLUX,Structured,CH→US,3.4,4.0,3.2,2.8,3.4,3.36
pair_2964_f3d501cd-a2f4-4607-b7bd-e1e1bf6deaf9,Evaluator5,LLaVA+FLUX,Structured,CH→US,3.8,3.6,3.4,4.4,4.0,3.84
pair_2969_f43f30db-1c64-4839-aa12-0dabb7bbebaa,Evaluator5,LLaVA+FLUX,Structured,CH→US,4.4,4.2,3.6,4.4,4.0,4.12
pair_2974_f45ae382-0478-4283-aced-7e5356e3351e,Evaluator5,LLaVA+FLUX,Structured,CH→US,4.6,4.8,3.6,4.2,4.8,4.4
pair_2994_f5664a08-e2e0-4a41-8731-051d4351c220,Evaluator5,LLaVA+FLUX,Structured,CH→US,4.0,4.4,3.8,4.8,5.0,4.4
pair_2998_f59ec394-1dc6-4d90-979c-59ede44b7c59,Evaluator5,LLaVA+FLUX,Structured,CH→US,3.4,3.8,4.8,3.8,1.8,3.52
pair_3000_f5c67fc2-47c1-4e7b-b444-5440611985a9,Evaluator5,LLaVA+FLUX,Structured,CH→US,3.6,3.8,3.4,4.6,4.2,3.92
pair_3001_f5d33225-2013-4e62-a3a5-7ff0f917da5d,Evaluator5,LLaVA+FLUX,Structured,CH→US,2.2,3.4,2.4,3.4,2.6,2.8
pair_3009_f657b656-711a-4816-bc06-cda240921dd4,Evaluator5,LLaVA+FLUX,Structured,CH→US,5.0,3.8,3.4,3.4,4.2,3.96
pair_3028_f74c5c6b-1305-40e0-bc39-d3aa9b066594,Evaluator5,LLaVA+FLUX,Structured,CH→US,4.0,4.0,4.4,3.6,4.6,4.12
pair_3045_f83dc220-abe6-41cb-80e5-7398536c552a,Evaluator5,LLaVA+FLUX,Structured,CH→US,4.0,3.8,3.6,4.0,4.2,3.92
pair_3049_f86f1946-c776-49de-a53a-04008c4f47a2,Evaluator5,LLaVA+FLUX,Structured,CH→US,5.0,3.8,5.0,4.0,2.4,4.04
pair_3063_f9671ccc-4b31-462e-9788-1b9955fb9622,Evaluator5,LLaVA+FLUX,Structured,CH→US,5.0,3.8,4.2,4.2,4.8,4.4
pair_3071_f9e701bf-62b6-43eb-8ed2-2eb87ec7c69c,Evaluator5,LLaVA+FLUX,Structured,CH→US,4.6,3.2,4.2,4.6,2.8,3.88
pair_3087_facb3038-33b0-468b-9d1d-c66342641d7e,Evaluator5,LLaVA+FLUX,Structured,CH→US,5.0,4.2,4.4,3.8,4.6,4.4
pair_3098_fba2ea61-9310-4872-89f7-29796a7e2b69,Evaluator5,LLaVA+FLUX,Structured,CH→US,4.2,4.6,4.0,4.2,5.0,4.4
pair_3105_fc15f74d-8a98-4393-9d36-0c6c08f3a885,Evaluator5,LLaVA+FLUX,Structured,CH→US,4.6,3.4,5.0,5.0,3.2,4.24
pair_3107_fc2111a3-70c1-45e6-907d-18d8e0f54fb6,Evaluator5,LLaVA+FLUX,Structured,CH→US,4.6,3.4,3.8,2.2,3.8,3.56
pair_3120_fcf6e418-7533-4bc2-af7a-4f4fd505ddaa,Evaluator5,LLaVA+FLUX,Structured,CH→US,3.6,2.6,2.0,4.0,3.4,3.12
pair_3127_fd3a982e-4d16-46a6-92ae-a94658216949,Evaluator5,LLaVA+FLUX,Structured,CH→US,4.4,4.8,4.2,4.8,2.8,4.2
pair_3132_fd712025-719c-4242-9b06-bfa627168105,Evaluator5,LLaVA+FLUX,Structured,CH→US,5.0,4.4,4.6,5.0,5.0,4.8
pair_3135_fd9b7415-f943-4a23-b222-963849f9f9c8,Evaluator5,LLaVA+FLUX,Structured,CH→US,4.6,5.0,4.6,4.2,4.4,4.56
pair_3139_fdc38764-c873-4626-b160-8c47faa1e428,Evaluator5,LLaVA+FLUX,Structured,CH→US,4.6,4.2,4.4,4.0,2.4,3.92
pair_3148_fe161a45-c881-46ce-901c-807e7d8ba401,Evaluator5,LLaVA+FLUX,Structured,CH→US,4.8,4.4,3.8,5.0,4.2,4.44
pair_3159_fec1dcf9-5125-4912-8493-7c1c3ff1f02b,Evaluator5,LLaVA+FLUX,Structured,CH→US,3.4,4.4,2.8,5.0,2.8,3.68
pair_3160_fedbd595-0ea8-4518-a51c-68b99fcaef9d,Evaluator5,LLaVA+FLUX,Structured,CH→US,4.0,4.4,5.0,3.6,4.8,4.36
